-------------------------------------------------------------------
-- Taches de production

print 'Table jo.Tache'
insert jo.Tache (IdTache, Libelle, CodeActivite, Login) values
('238386CF-1F87-4B4E-BA93-DE6D347117A0', 'AF Marquage', 'ANF', 'RBEAUMONT'),
('28AB7709-9A42-4D44-89DF-537F46226C18', 'AT Marquage', 'ANT', 'RBEAUMONT'),
('55BD7A6A-0D7F-4DF6-A95E-611EA3D42D9A', 'DEV Marquage', 'DEV', 'RBEAUMONT'),
 
('58CD5158-BE5D-4BA3-9360-C003D1A1FDDC', 'AF Paramétrage', 'ANF', 'RFISHER'),
('9D77C6D0-8497-4A8E-BED8-0844883110D5', 'AT Paramétrage', 'ANT', 'RFISHER'),
('2F45A131-A673-4845-B2C0-ADA86D67276E', 'DEV Paramétrage', 'DEV', 'RFISHER'),
 
('32DD5F9A-5F96-4FB6-8CAC-DF7FB9C1B9E0', 'AF Polymorphisme génétique', 'ANF', 'MWEBER'),
('AEDCBBB9-8749-4BEE-820B-71299E1F727B', 'AT Polymorphisme génétique', 'ANT', 'MWEBER'),
('6FC8898B-C589-4377-BDE9-8653FD113E74', 'DEV Polymorphisme génétique', 'DEV', 'MWEBER'),
 
('4A9BD336-F52F-4520-B6BC-072022EBDF58', 'AF Séparation', 'ANF', 'RBEAUMONT'),
('B592640B-7013-4476-AF07-19FB7DF0E200', 'AT Séparation', 'ANT', 'RBEAUMONT'),
('65162748-6EE9-41CA-9EF0-A2048587166D', 'DEV Séparation', 'DEV', 'RBEAUMONT'),
 
('70607657-25FB-4CDE-953A-EEB811842D4A', 'AF Séquençage', 'ANF', 'RFISHER'),
('E17BC4E3-B347-4283-80C8-5B531D8B5C8A', 'AT Séquençage', 'ANT', 'RFISHER'),
('D0A6D97D-0AA6-4FD8-9A62-ED9DC310EE8B', 'DEV Séquençage', 'DEV', 'RFISHER'),
 
('326D2BB0-91B9-4313-BEE6-9DF0D00E14E7', 'AF Utilisateurs et droits', 'ANF', 'MWEBER'),
('B81D2B80-309D-48C5-AB97-8B04A28CA4BB', 'AT Utilisateurs et droits', 'ANT', 'MWEBER'),
('5CE88C25-C7EA-4BC2-9318-59506FE456F7', 'DEV Utilisateurs et droits', 'DEV', 'MWEBER'),
 
('CFC7D512-CEB1-40B4-B470-DDF4043B5C3E', 'AF Variations alléliques', 'ANF', 'RBEAUMONT'),
('FFA8ABA7-3834-4599-8E19-0E647CAABB13', 'AT Variations alléliques', 'ANT', 'RBEAUMONT'),
('EA8AAEB1-93D5-4989-994A-31A337CFBD4E', 'DEV Variations alléliques', 'DEV', 'RBEAUMONT')
GO

print 'Table jo.TacheProd'
insert jo.TacheProd (IdTache, DureePrevue, DureeRestanteEstimee,
CodeModule, CodeLogicielModule, NumeroVersion, CodeLogicielVersion) values
('326D2BB0-91B9-4313-BEE6-9DF0D00E14E7', 40, 0, 'UTIL_DROITS', 'GENOMICA', 1.0, 'GENOMICA'),
('32DD5F9A-5F96-4FB6-8CAC-DF7FB9C1B9E0', 80, 0, 'POLYMORPHISME', 'GENOMICA', 1.0, 'GENOMICA'),
('AEDCBBB9-8749-4BEE-820B-71299E1F727B', 40, 0, 'POLYMORPHISME', 'GENOMICA', 1.0, 'GENOMICA'),
('B81D2B80-309D-48C5-AB97-8B04A28CA4BB', 72, 0, 'UTIL_DROITS', 'GENOMICA', 1.0, 'GENOMICA'),
('6FC8898B-C589-4377-BDE9-8653FD113E74', 50, 0, 'POLYMORPHISME', 'GENOMICA', 1.0, 'GENOMICA'),
('5CE88C25-C7EA-4BC2-9318-59506FE456F7', 72, 0, 'UTIL_DROITS', 'GENOMICA', 1.0, 'GENOMICA'),
('4A9BD336-F52F-4520-B6BC-072022EBDF58', 40, 0, 'SEPARATION', 'GENOMICA', 1.0, 'GENOMICA'),
('CFC7D512-CEB1-40B4-B470-DDF4043B5C3E', 16, 0, 'VAR_ALLELE', 'GENOMICA', 1.0, 'GENOMICA'),
('238386CF-1F87-4B4E-BA93-DE6D347117A0', 48, 0, 'MARQUAGE', 'GENOMICA', 1.0, 'GENOMICA'),
('FFA8ABA7-3834-4599-8E19-0E647CAABB13', 48, 0, 'VAR_ALLELE', 'GENOMICA', 1.0, 'GENOMICA'),
('B592640B-7013-4476-AF07-19FB7DF0E200', 32, 0, 'SEPARATION', 'GENOMICA', 1.0, 'GENOMICA'),
('28AB7709-9A42-4D44-89DF-537F46226C18', 96, 0, 'MARQUAGE', 'GENOMICA', 1.0, 'GENOMICA'),
('55BD7A6A-0D7F-4DF6-A95E-611EA3D42D9A', 80, 0, 'MARQUAGE', 'GENOMICA', 1.0, 'GENOMICA'),
('EA8AAEB1-93D5-4989-994A-31A337CFBD4E', 48, 0, 'VAR_ALLELE', 'GENOMICA', 1.0, 'GENOMICA'),
('65162748-6EE9-41CA-9EF0-A2048587166D', 8, 0, 'SEPARATION', 'GENOMICA', 1.0, 'GENOMICA'),
('58CD5158-BE5D-4BA3-9360-C003D1A1FDDC', 16, 0, 'PARAMETRES', 'GENOMICA', 1.0, 'GENOMICA'),
('70607657-25FB-4CDE-953A-EEB811842D4A', 32, 0, 'SEQUENCAGE', 'GENOMICA', 1.0, 'GENOMICA'),
('9D77C6D0-8497-4A8E-BED8-0844883110D5', 48, 0, 'PARAMETRES', 'GENOMICA', 1.0, 'GENOMICA'),
('E17BC4E3-B347-4283-80C8-5B531D8B5C8A', 72, 0, 'SEQUENCAGE', 'GENOMICA', 1.0, 'GENOMICA'),
('2F45A131-A673-4845-B2C0-ADA86D67276E', 40, 0, 'PARAMETRES', 'GENOMICA', 1.0, 'GENOMICA'),
('D0A6D97D-0AA6-4FD8-9A62-ED9DC310EE8B', 96, 0, 'SEQUENCAGE', 'GENOMICA', 1.0, 'GENOMICA')
go


-------------------------------------------------------------------
-- Travaux

-- MWEBER 
print 'Table jo.Travail pour MWEBER'
insert jo.Travail (IdTache, DateTravail, Heures) values
('326D2BB0-91B9-4313-BEE6-9DF0D00E14E7', '2016-01-07', 8),
('326D2BB0-91B9-4313-BEE6-9DF0D00E14E7', '2016-01-08', 2),
('326D2BB0-91B9-4313-BEE6-9DF0D00E14E7', '2016-01-09', 6),
('326D2BB0-91B9-4313-BEE6-9DF0D00E14E7', '2016-01-10', 6),
('326D2BB0-91B9-4313-BEE6-9DF0D00E14E7', '2016-01-11', 2),
('326D2BB0-91B9-4313-BEE6-9DF0D00E14E7', '2016-01-12', 8),
('326D2BB0-91B9-4313-BEE6-9DF0D00E14E7', '2016-01-13', 4),
('326D2BB0-91B9-4313-BEE6-9DF0D00E14E7', '2016-01-14', 4),

('B81D2B80-309D-48C5-AB97-8B04A28CA4BB', '2016-01-08', 6),
('B81D2B80-309D-48C5-AB97-8B04A28CA4BB', '2016-01-09', 2),
('B81D2B80-309D-48C5-AB97-8B04A28CA4BB', '2016-01-10', 2),
('B81D2B80-309D-48C5-AB97-8B04A28CA4BB', '2016-01-11', 6),
('B81D2B80-309D-48C5-AB97-8B04A28CA4BB', '2016-01-13', 4),
('B81D2B80-309D-48C5-AB97-8B04A28CA4BB', '2016-01-14', 4),
('B81D2B80-309D-48C5-AB97-8B04A28CA4BB', '2016-01-15', 8),
('B81D2B80-309D-48C5-AB97-8B04A28CA4BB', '2016-01-16', 8),
('B81D2B80-309D-48C5-AB97-8B04A28CA4BB', '2016-01-17', 8),
('B81D2B80-309D-48C5-AB97-8B04A28CA4BB', '2016-01-18', 8),

('5CE88C25-C7EA-4BC2-9318-59506FE456F7', '2016-01-19', 6),
('5CE88C25-C7EA-4BC2-9318-59506FE456F7', '2016-01-20', 2),
('5CE88C25-C7EA-4BC2-9318-59506FE456F7', '2016-01-21', 2),
('5CE88C25-C7EA-4BC2-9318-59506FE456F7', '2016-01-22', 6),
('5CE88C25-C7EA-4BC2-9318-59506FE456F7', '2016-01-23', 4),
('5CE88C25-C7EA-4BC2-9318-59506FE456F7', '2016-01-24', 4),
('5CE88C25-C7EA-4BC2-9318-59506FE456F7', '2016-01-25', 8),
('5CE88C25-C7EA-4BC2-9318-59506FE456F7', '2016-01-26', 8),
('5CE88C25-C7EA-4BC2-9318-59506FE456F7', '2016-01-27', 8),
('5CE88C25-C7EA-4BC2-9318-59506FE456F7', '2016-01-28', 8),

('32DD5F9A-5F96-4FB6-8CAC-DF7FB9C1B9E0', '2016-01-19', 2),
('32DD5F9A-5F96-4FB6-8CAC-DF7FB9C1B9E0', '2016-01-20', 6),
('32DD5F9A-5F96-4FB6-8CAC-DF7FB9C1B9E0', '2016-01-21', 6),
('32DD5F9A-5F96-4FB6-8CAC-DF7FB9C1B9E0', '2016-01-22', 2),
('32DD5F9A-5F96-4FB6-8CAC-DF7FB9C1B9E0', '2016-01-23', 4),
('32DD5F9A-5F96-4FB6-8CAC-DF7FB9C1B9E0', '2016-01-24', 4),
('32DD5F9A-5F96-4FB6-8CAC-DF7FB9C1B9E0', '2016-01-29', 8),
('32DD5F9A-5F96-4FB6-8CAC-DF7FB9C1B9E0', '2016-01-30', 8),
('32DD5F9A-5F96-4FB6-8CAC-DF7FB9C1B9E0', '2016-01-31', 8),
('32DD5F9A-5F96-4FB6-8CAC-DF7FB9C1B9E0', '2016-02-01', 8),
('32DD5F9A-5F96-4FB6-8CAC-DF7FB9C1B9E0', '2016-02-02', 8),

('AEDCBBB9-8749-4BEE-820B-71299E1F727B', '2016-02-03', 2),
('AEDCBBB9-8749-4BEE-820B-71299E1F727B', '2016-02-04', 6),
('AEDCBBB9-8749-4BEE-820B-71299E1F727B', '2016-02-05', 6),
('AEDCBBB9-8749-4BEE-820B-71299E1F727B', '2016-02-06', 2),
('AEDCBBB9-8749-4BEE-820B-71299E1F727B', '2016-02-07', 4),
('AEDCBBB9-8749-4BEE-820B-71299E1F727B', '2016-02-08', 4),
('AEDCBBB9-8749-4BEE-820B-71299E1F727B', '2016-02-09', 8),
('AEDCBBB9-8749-4BEE-820B-71299E1F727B', '2016-02-10', 8),

('6FC8898B-C589-4377-BDE9-8653FD113E74', '2016-02-03', 6),
('6FC8898B-C589-4377-BDE9-8653FD113E74', '2016-02-04', 2),
('6FC8898B-C589-4377-BDE9-8653FD113E74', '2016-02-05', 2),
('6FC8898B-C589-4377-BDE9-8653FD113E74', '2016-02-06', 6),
('6FC8898B-C589-4377-BDE9-8653FD113E74', '2016-02-07', 4),
('6FC8898B-C589-4377-BDE9-8653FD113E74', '2016-02-08', 4),
('6FC8898B-C589-4377-BDE9-8653FD113E74', '2016-02-11', 8),
('6FC8898B-C589-4377-BDE9-8653FD113E74', '2016-02-12', 8),
('6FC8898B-C589-4377-BDE9-8653FD113E74', '2016-02-13', 8),
('6FC8898B-C589-4377-BDE9-8653FD113E74', '2016-02-14', 2)
go

-- RBEAUMONT
print 'Table jo.Travail pour RBEAUMONT'
insert jo.Travail (IdTache, DateTravail, Heures) values
('4A9BD336-F52F-4520-B6BC-072022EBDF58', '2016-01-07', 2),
('4A9BD336-F52F-4520-B6BC-072022EBDF58', '2016-01-08', 6),
('4A9BD336-F52F-4520-B6BC-072022EBDF58', '2016-01-09', 8),
('4A9BD336-F52F-4520-B6BC-072022EBDF58', '2016-01-10', 2),
('4A9BD336-F52F-4520-B6BC-072022EBDF58', '2016-01-11', 6),
('4A9BD336-F52F-4520-B6BC-072022EBDF58', '2016-01-12', 4),
('4A9BD336-F52F-4520-B6BC-072022EBDF58', '2016-01-13', 4),
('4A9BD336-F52F-4520-B6BC-072022EBDF58', '2016-01-14', 8),

('B592640B-7013-4476-AF07-19FB7DF0E200', '2016-01-07', 6),
('B592640B-7013-4476-AF07-19FB7DF0E200', '2016-01-08', 2),
('B592640B-7013-4476-AF07-19FB7DF0E200', '2016-01-10', 6),
('B592640B-7013-4476-AF07-19FB7DF0E200', '2016-01-11', 2),
('B592640B-7013-4476-AF07-19FB7DF0E200', '2016-01-12', 4),
('B592640B-7013-4476-AF07-19FB7DF0E200', '2016-01-13', 4),
('B592640B-7013-4476-AF07-19FB7DF0E200', '2016-01-15', 8),

('65162748-6EE9-41CA-9EF0-A2048587166D', '2016-01-16', 8),
('65162748-6EE9-41CA-9EF0-A2048587166D', '2016-01-17', 8),

('CFC7D512-CEB1-40B4-B470-DDF4043B5C3E', '2016-01-19', 6),
('CFC7D512-CEB1-40B4-B470-DDF4043B5C3E', '2016-01-20', 2),
('CFC7D512-CEB1-40B4-B470-DDF4043B5C3E', '2016-01-21', 2),
('CFC7D512-CEB1-40B4-B470-DDF4043B5C3E', '2016-01-22', 6),

('FFA8ABA7-3834-4599-8E19-0E647CAABB13', '2016-01-19', 2),
('FFA8ABA7-3834-4599-8E19-0E647CAABB13', '2016-01-20', 6),
('FFA8ABA7-3834-4599-8E19-0E647CAABB13', '2016-01-21', 6),
('FFA8ABA7-3834-4599-8E19-0E647CAABB13', '2016-01-22', 2),
('FFA8ABA7-3834-4599-8E19-0E647CAABB13', '2016-01-23', 4),
('FFA8ABA7-3834-4599-8E19-0E647CAABB13', '2016-01-24', 4),
('FFA8ABA7-3834-4599-8E19-0E647CAABB13', '2016-01-29', 8),
('FFA8ABA7-3834-4599-8E19-0E647CAABB13', '2016-01-30', 8),
('FFA8ABA7-3834-4599-8E19-0E647CAABB13', '2016-01-31', 8),

('EA8AAEB1-93D5-4989-994A-31A337CFBD4E', '2016-01-19', 6),
('EA8AAEB1-93D5-4989-994A-31A337CFBD4E', '2016-01-20', 2),
('EA8AAEB1-93D5-4989-994A-31A337CFBD4E', '2016-01-21', 2),
('EA8AAEB1-93D5-4989-994A-31A337CFBD4E', '2016-01-22', 6),
('EA8AAEB1-93D5-4989-994A-31A337CFBD4E', '2016-01-23', 4),
('EA8AAEB1-93D5-4989-994A-31A337CFBD4E', '2016-01-24', 4),
('EA8AAEB1-93D5-4989-994A-31A337CFBD4E', '2016-02-01', 8),
('EA8AAEB1-93D5-4989-994A-31A337CFBD4E', '2016-02-02', 8),
('EA8AAEB1-93D5-4989-994A-31A337CFBD4E', '2016-02-03', 8),

('238386CF-1F87-4B4E-BA93-DE6D347117A0', '2016-02-04', 6),
('238386CF-1F87-4B4E-BA93-DE6D347117A0', '2016-02-05', 2),
('238386CF-1F87-4B4E-BA93-DE6D347117A0', '2016-02-06', 2),
('238386CF-1F87-4B4E-BA93-DE6D347117A0', '2016-02-07', 6),
('238386CF-1F87-4B4E-BA93-DE6D347117A0', '2016-02-08', 4),
('238386CF-1F87-4B4E-BA93-DE6D347117A0', '2016-02-09', 4),
('238386CF-1F87-4B4E-BA93-DE6D347117A0', '2016-02-10', 8),
('238386CF-1F87-4B4E-BA93-DE6D347117A0', '2016-02-11', 8),
('238386CF-1F87-4B4E-BA93-DE6D347117A0', '2016-02-12', 8),

('28AB7709-9A42-4D44-89DF-537F46226C18', '2016-02-04', 2),
('28AB7709-9A42-4D44-89DF-537F46226C18', '2016-02-05', 6),
('28AB7709-9A42-4D44-89DF-537F46226C18', '2016-02-06', 6),
('28AB7709-9A42-4D44-89DF-537F46226C18', '2016-02-07', 2),
('28AB7709-9A42-4D44-89DF-537F46226C18', '2016-02-08', 4),
('28AB7709-9A42-4D44-89DF-537F46226C18', '2016-02-09', 4),
('28AB7709-9A42-4D44-89DF-537F46226C18', '2016-02-13', 8),
('28AB7709-9A42-4D44-89DF-537F46226C18', '2016-02-14', 8),
('28AB7709-9A42-4D44-89DF-537F46226C18', '2016-02-15', 8),

('28AB7709-9A42-4D44-89DF-537F46226C18', '2016-02-16', 2),
('28AB7709-9A42-4D44-89DF-537F46226C18', '2016-02-17', 6),
('28AB7709-9A42-4D44-89DF-537F46226C18', '2016-02-18', 6),
('28AB7709-9A42-4D44-89DF-537F46226C18', '2016-02-19', 2),
('28AB7709-9A42-4D44-89DF-537F46226C18', '2016-02-20', 4),
('28AB7709-9A42-4D44-89DF-537F46226C18', '2016-02-21', 4),
('28AB7709-9A42-4D44-89DF-537F46226C18', '2016-02-22', 8),
('28AB7709-9A42-4D44-89DF-537F46226C18', '2016-02-23', 8),
('28AB7709-9A42-4D44-89DF-537F46226C18', '2016-02-24', 8),

('55BD7A6A-0D7F-4DF6-A95E-611EA3D42D9A', '2016-02-16', 6),
('55BD7A6A-0D7F-4DF6-A95E-611EA3D42D9A', '2016-02-17', 2),
('55BD7A6A-0D7F-4DF6-A95E-611EA3D42D9A', '2016-02-18', 2),
('55BD7A6A-0D7F-4DF6-A95E-611EA3D42D9A', '2016-02-19', 6),
('55BD7A6A-0D7F-4DF6-A95E-611EA3D42D9A', '2016-02-20', 4),
('55BD7A6A-0D7F-4DF6-A95E-611EA3D42D9A', '2016-02-21', 4),
('55BD7A6A-0D7F-4DF6-A95E-611EA3D42D9A', '2016-02-25', 8),
('55BD7A6A-0D7F-4DF6-A95E-611EA3D42D9A', '2016-02-26', 8),
('55BD7A6A-0D7F-4DF6-A95E-611EA3D42D9A', '2016-02-27', 8),
('55BD7A6A-0D7F-4DF6-A95E-611EA3D42D9A', '2016-02-28', 8),
('55BD7A6A-0D7F-4DF6-A95E-611EA3D42D9A', '2016-03-01', 8),
('55BD7A6A-0D7F-4DF6-A95E-611EA3D42D9A', '2016-02-02', 8),
('55BD7A6A-0D7F-4DF6-A95E-611EA3D42D9A', '2016-02-03', 8)
go

-------------------------------------------------------------------
-- Tache annexes

insert jo.Tache (IdTache, Libelle, Annexe, CodeActivite, Login, Description) values
('169D917D-731E-4EA6-8D32-8B2EF729A165', 'Aide développeur', 1, 'APPUI_EQUIPE', 'RBEAUMONT', 'Description 1'),
('553E7AA6-A49B-4DF6-9F89-244C1B92CC24', 'Formation WPF', 1, 'FORMATION_RECUE', 'RBEAUMONT', 'Description 2'),
('EC44B16D-AC9F-4B96-A6F5-8D244CA0E8F7', 'Salon de la génétique', 1, 'SALON', 'RBEAUMONT', 'Description 3'),

('90EF0EA7-C97E-42C5-BBD4-E6B6760F17F4', 'Aide développeur', 1, 'APPUI_EQUIPE', 'RFISHER', 'Description 1'),
('3FDB8A52-A433-4B51-A2E7-52BAF2C6A03B', 'Formation WPF', 1, 'FORMATION_RECUE', 'RFISHER', 'Description 2'),
('18612BC2-025D-4BC1-9668-DF45CF7F9D4F', 'Salon de la génétique', 1, 'SALON', 'RFISHER', 'Description 3'),

('14BAE295-FAA6-449E-A60E-6A0D90D683D9', 'Avenir du code', 1, 'SEMINAIRE', 'BNORMAND', 'Description 1'),
('7DC49800-BD89-4B6A-B29B-FC59613532A4', 'Reunion de fin de projet', 1, 'REUNION_EQUIPE', 'BNORMAND', 'Description 2'),
('879C4B5F-E7C4-4EB7-AA7A-1F42E4D44D2A', 'Reunion tuperware', 1, 'REUNION_SERVICE', 'BNORMAND', 'Description 3')

-------------------------------------------------------------------
-- Travail

insert jo.Travail (IdTache, DateTravail, Heures) values
('169D917D-731E-4EA6-8D32-8B2EF729A165', '2016-01-07', 2),
('553E7AA6-A49B-4DF6-9F89-244C1B92CC24', '2016-01-08', 6),
('EC44B16D-AC9F-4B96-A6F5-8D244CA0E8F7', '2016-01-09', 8),
('90EF0EA7-C97E-42C5-BBD4-E6B6760F17F4', '2016-01-10', 2),
('3FDB8A52-A433-4B51-A2E7-52BAF2C6A03B', '2016-01-11', 6),
('18612BC2-025D-4BC1-9668-DF45CF7F9D4F', '2016-01-12', 4),
('14BAE295-FAA6-449E-A60E-6A0D90D683D9', '2016-01-13', 4),
('7DC49800-BD89-4B6A-B29B-FC59613532A4', '2016-01-14', 8),
('879C4B5F-E7C4-4EB7-AA7A-1F42E4D44D2A', '2016-02-07', 2),
('879C4B5F-E7C4-4EB7-AA7A-1F42E4D44D2A', '2016-02-08', 6),
('3FDB8A52-A433-4B51-A2E7-52BAF2C6A03B', '2016-02-09', 8),
('879C4B5F-E7C4-4EB7-AA7A-1F42E4D44D2A', '2016-02-10', 2),
('3FDB8A52-A433-4B51-A2E7-52BAF2C6A03B', '2016-02-11', 6),
('18612BC2-025D-4BC1-9668-DF45CF7F9D4F', '2016-02-12', 4),
('14BAE295-FAA6-449E-A60E-6A0D90D683D9', '2016-02-13', 4),
('3FDB8A52-A433-4B51-A2E7-52BAF2C6A03B', '2016-02-14', 8)